Algorithm,Seed,Return,Log time
DQN,45,2.823798739214225,06-17 05:43:26
DQN,45,0.1333333333333333,06-17 05:43:26
DQN,45,7.535686612091325,06-17 05:43:26
DQN,45,4.952093227554445,06-17 05:43:27
DQN,45,2.3051574762674463,06-17 05:43:27
DQN,45,0.0,06-17 05:43:27
DQN,45,3.9306765444218428,06-17 05:43:27
DQN,45,6.114336603899728,06-17 05:43:27
DQN,45,5.06902366614407,06-17 05:43:28
DQN,45,7.019864527398812,06-17 05:43:28
DQN,45,2.775465573789,06-17 05:43:29
DQN,45,3.041773720450445,06-17 05:43:29
DQN,45,1.8484860850519291,06-17 05:43:29
DQN,45,4.749645423281582,06-17 05:43:29
DQN,45,3.4169355751634134,06-17 05:43:30
DQN,45,5.043198998822706,06-17 05:43:30
DQN,45,2.372490368028871,06-17 05:43:31
DQN,45,2.533333333333333,06-17 05:43:31
DQN,45,2.4384908096007796,06-17 05:43:31
DQN,45,0.9333333333333333,06-17 05:43:31
DQN,45,2.5549328324603806,06-17 05:43:31
DQN,45,18.17977973722031,06-17 05:43:33
DQN,45,3.753548421284604,06-17 05:43:33
DQN,45,0.9333333333333333,06-17 05:43:33
DQN,45,68.90911005792525,06-17 05:43:40
DQN,45,3.306447187928669,06-17 05:43:40
DQN,45,5.442442590457231,06-17 05:43:41
DQN,45,3.8868416574632945,06-17 05:43:41
DQN,45,1.5999999999999999,06-17 05:43:41
DQN,45,6.420174990796628,06-17 05:43:42
DQN,45,4.3091092571238985,06-17 05:43:42
DQN,45,8.597998946813561,06-17 05:43:43
DQN,45,68.1535545023696,06-17 05:43:49
DQN,45,2.4,06-17 05:43:50
DQN,45,3.353553701568343,06-17 05:43:50
DQN,45,68.1757767245919,06-17 05:43:56
DQN,45,31.175319411949907,06-17 05:44:00
DQN,45,4.913112965098324,06-17 05:44:01
DQN,45,10.313112164301176,06-17 05:44:03
DQN,45,6.605014588949395,06-17 05:44:05
DQN,45,6.04644560308565,06-17 05:44:06
DQN,45,0.8888888888888888,06-17 05:44:07
DQN,45,0.27133058984910835,06-17 05:44:07
DQN,45,1.7993772769048253,06-17 05:44:07
DQN,45,5.042443377371437,06-17 05:44:09
DQN,45,2.488888888888889,06-17 05:44:09
DQN,45,3.4444444444444446,06-17 05:44:10
DQN,45,7.508455122969233,06-17 05:44:11
DQN,45,4.313112965098323,06-17 05:44:12
DQN,45,1.7764897027602902,06-17 05:44:12
DQN,45,4.153111909041576,06-17 05:44:13
DQN,45,1.3532038363618915,06-17 05:44:13
DQN,45,4.756314357185413,06-17 05:44:14
DQN,45,0.8660447183419506,06-17 05:44:14
DQN,45,1.7993772769048253,06-17 05:44:14
DQN,45,0.15493360723083968,06-17 05:44:15
DQN,45,0.8444444444444446,06-17 05:44:15
DQN,45,74.02022116903639,06-17 05:44:28
DQN,45,6.464665613239955,06-17 05:44:29
DQN,45,1.5999999999999999,06-17 05:44:29
DQN,45,1.6666666666666667,06-17 05:44:30
DQN,45,71.68688783570306,06-17 05:44:42
DQN,45,4.046451578715396,06-17 05:44:42
DQN,45,9.619598444346414,06-17 05:44:43
DQN,45,73.35355450236975,06-17 05:44:53
DQN,45,10.88657988862577,06-17 05:44:56
DQN,45,1.484224965706447,06-17 05:44:57
DQN,45,2.6868817546179375,06-17 05:44:57
DQN,45,69.88688783570296,06-17 05:45:08
DQN,45,2.488888888888889,06-17 05:45:08
DQN,45,1.6431563694269566,06-17 05:45:09
DQN,45,1.5999999999999999,06-17 05:45:10
DQN,45,12.864665613480778,06-17 05:45:12
DQN,45,73.48626434313458,06-17 05:45:25
DQN,45,4.020221063581017,06-17 05:45:26
DQN,45,74.42022116903638,06-17 05:45:39
DQN,45,0.20000000000000004,06-17 05:45:39
DQN,45,4.8,06-17 05:45:41
DQN,45,67.68555456894681,06-17 05:45:53
DQN,45,67.75355450236967,06-17 05:46:06
DQN,45,4.597083561231611,06-17 05:46:07
DQN,45,1.066043943571492,06-17 05:46:07
DQN,45,11.196843173170373,06-17 05:46:10
DQN,45,3.553548421284604,06-17 05:46:11
DQN,45,4.574254146857932,06-17 05:46:12
DQN,45,3.353553701568343,06-17 05:46:13
DQN,45,12.42022116903578,06-17 05:46:16
DQN,45,42.20266286999659,06-17 05:46:22
DQN,45,68.62022116903633,06-17 05:46:35
DQN,45,74.82018107188172,06-17 05:46:47
DQN,45,1.7764897027602902,06-17 05:46:48
DQN,45,2.2868416574632944,06-17 05:46:49
DQN,45,12.686887835703,06-17 05:46:52
DQN,45,73.48658340865398,06-17 05:47:06
DQN,45,6.020221168795512,06-17 05:47:07
DQN,45,2.931326199062382,06-17 05:47:08
DQN,45,2.9307166415764856,06-17 05:47:08
DQN,45,9.44244337737534,06-17 05:47:10
DQN,45,2.085647004096102,06-17 05:47:11
DQN,45,2.536708826724151,06-17 05:47:11
DQN,45,6.330703221104419,06-17 05:47:12
DQN,45,1.777777777777778,06-17 05:47:13
DQN,45,3.2859144450058766,06-17 05:47:13
DQN,45,6.417258987928887,06-17 05:47:14
DQN,45,74.02022116903639,06-17 05:47:27
DQN,45,1.9157750342935527,06-17 05:47:28
DQN,45,69.3535545021289,06-17 05:47:40
DQN,45,6.020221168795512,06-17 05:47:41
DQN,45,73.48688783570307,06-17 05:47:54
DQN,45,5.064665599593659,06-17 05:47:55
DQN,45,71.17577672459196,06-17 05:48:10
DQN,45,7.420221169032158,06-17 05:48:12
DQN,45,9.664665613480706,06-17 05:48:14
DQN,45,4.86466559959366,06-17 05:48:16
DQN,45,2.175730546352183,06-17 05:48:16
DQN,45,4.063771825275783,06-17 05:48:17
DQN,45,2.7091039768401597,06-17 05:48:18
DQN,45,5.731332278318689,06-17 05:48:20
DQN,45,73.35355450236975,06-17 05:48:29
DQN,45,2.0201749907966278,06-17 05:48:30
DQN,45,73.35355450236975,06-17 05:48:41
DQN,45,73.35355450236975,06-17 05:48:57
DQN,45,69.62022116903638,06-17 05:49:10
DQN,45,73.6202211690364,06-17 05:49:21
DQN,45,73.48626434313458,06-17 05:49:35
DQN,45,5.220221155149215,06-17 05:49:36
DQN,45,7.420221169004621,06-17 05:49:38
DQN,45,4.81959766258072,06-17 05:49:39
DQN,45,73.19737545421809,06-17 05:49:55
DQN,45,4.217914076094692,06-17 05:49:56
DQN,45,15.020221063581364,06-17 05:50:00
DQN,45,11.285641515647983,06-17 05:50:02
DQN,45,1.9333333333333333,06-17 05:50:03
DQN,45,3.619591595382776,06-17 05:50:03
DQN,45,71.95355450236976,06-17 05:50:16
DQN,45,73.6195976764679,06-17 05:50:31
DQN,45,68.7535545023697,06-17 05:50:46
DQN,45,4.286263542333182,06-17 05:50:47
DQN,45,3.353553701568343,06-17 05:50:48
DQN,45,2.2637257661111834,06-17 05:50:49
DQN,45,5.042443377371437,06-17 05:50:50
DQN,45,11.175775925567605,06-17 05:50:53
DQN,45,66.82022116903623,06-17 05:51:06
DQN,45,6.930042548213962,06-17 05:51:07
DQN,45,0.7309816141396694,06-17 05:51:07
DQN,45,6.686887835462177,06-17 05:51:08
DQN,45,73.15355450054133,06-17 05:51:22
DQN,45,69.22022116903635,06-17 05:51:37
DQN,45,6.686887835462177,06-17 05:51:38
DQN,45,0.888266940564173,06-17 05:51:39
DQN,45,6.641819884802942,06-17 05:51:41
DQN,45,0.6865371696952249,06-17 05:51:41
DQN,45,68.24244339125858,06-17 05:51:54
DQN,45,5.220221167207579,06-17 05:51:55
DQN,45,2.930702706493887,06-17 05:51:56
DQN,45,3.8862635423331815,06-17 05:51:57
DQN,45,4.3526607141646725,06-17 05:51:58
DQN,45,5.642437402028297,06-17 05:51:59
DQN,45,73.48688783570306,06-17 05:52:16
DQN,45,4.308485764555404,06-17 05:52:17
DQN,45,1.5502681458066487,06-17 05:52:17
DQN,45,4.1535537015683435,06-17 05:52:18
DQN,45,67.7967602774972,06-17 05:52:30
DQN,45,73.6195976764679,06-17 05:52:45
DQN,45,14.819597676467842,06-17 05:52:49
DQN,45,4.420220368235009,06-17 05:52:50
DQN,45,11.37520789238353,06-17 05:52:53
DQN,45,2.8646194352410723,06-17 05:52:54
DQN,45,6.686887835462177,06-17 05:52:55
DQN,45,5.108802005392875,06-17 05:52:56
DQN,45,71.41959767646792,06-17 05:53:07
DQN,45,6.952660819588276,06-17 05:53:09
DQN,45,0.888266940564173,06-17 05:53:09
DQN,45,0.9327113850086175,06-17 05:53:09
DQN,45,69.13133228014749,06-17 05:53:23
DQN,45,18.93133228014327,06-17 05:53:26
DQN,45,68.90911005792525,06-17 05:53:37
DQN,45,6.086264329247387,06-17 05:53:39
DQN,45,8.886887835702451,06-17 05:53:40
DQN,45,69.10791150199617,06-17 05:53:55
DQN,45,69.0418198986901,06-17 05:54:10
DQN,45,3.4868817546179374,06-17 05:54:11
DQN,45,13.286887744291645,06-17 05:54:15
DQN,45,72.50911005792528,06-17 05:54:26
DQN,45,73.35355450236975,06-17 05:54:36
DQN,45,2.930702706493887,06-17 05:54:37
DQN,45,4.372799071990757,06-17 05:54:38
DQN,45,70.88626434313458,06-17 05:54:53
DQN,45,72.97426138436072,06-17 05:55:05
DQN,45,6.931332280115733,06-17 05:55:07
DQN,45,7.663375893605658,06-17 05:55:09
DQN,45,8.28626434313033,06-17 05:55:11
DQN,45,73.7751461988649,06-17 05:55:25
DQN,45,16.93133228014745,06-17 05:55:27
DQN,45,73.59710526406448,06-17 05:55:40
DQN,45,73.50848656535678,06-17 05:55:54
DQN,45,68.9535545023697,06-17 05:56:08
DQN,45,69.15355450236969,06-17 05:56:21
DQN,45,10.264042120896125,06-17 05:56:24
DQN,45,70.08688783570291,06-17 05:56:36
DQN,45,5.716125700060507,06-17 05:56:38
DQN,45,3.5079115610885983,06-17 05:56:39
DQN,45,4.935996189442768,06-17 05:56:40
DQN,45,70.19683403131408,06-17 05:56:57
DQN,45,0.888266940564173,06-17 05:56:57
DQN,45,3.202272106834135,06-17 05:56:58
DQN,45,3.486887034901676,06-17 05:56:59
DQN,45,68.82017762025987,06-17 05:57:10
DQN,45,2.842129376489952,06-17 05:57:11
DQN,45,69.04244339125859,06-17 05:57:24
DQN,45,69.21959767646784,06-17 05:57:34
DQN,45,0.888266940564173,06-17 05:57:35
DQN,45,68.90911005792525,06-17 05:57:46
DQN,45,73.48688783570307,06-17 05:58:00
DQN,45,73.28688783570307,06-17 05:58:13
DQN,45,4.6868878218158825,06-17 05:58:14
DQN,45,1.6876008138714012,06-17 05:58:15
DQN,45,3.508215574374424,06-17 05:58:16
DQN,45,70.70790730059623,06-17 05:58:29
DQN,45,73.15266081962004,06-17 05:58:42
DQN,45,5.619596875666516,06-17 05:58:43
DQN,45,4.1757767107047705,06-17 05:58:44
DQN,45,6.042133505693068,06-17 05:58:45
DQN,45,72.46466561348086,06-17 05:59:00
DQN,45,73.6195976764679,06-17 05:59:13
DQN,45,69.06466561348078,06-17 05:59:25
DQN,45,1.353508324129961,06-17 05:59:26
DQN,45,6.019289714420815,06-17 05:59:27
DQN,45,5.818982499478576,06-17 05:59:29
DQN,45,2.8646194352410723,06-17 05:59:30
DQN,45,4.331332174692127,06-17 05:59:31
DQN,45,2.930662609339334,06-17 05:59:32
DQN,45,5.352930904345855,06-17 05:59:33
DQN,45,69.46466561348085,06-17 05:59:44
DQN,45,2.9356909147604924,06-17 05:59:45
DQN,45,2.1532038363618913,06-17 05:59:46
DQN,45,68.57515323202344,06-17 06:00:01
DQN,45,0.9157750342935529,06-17 06:00:02
DQN,45,12.686264343134507,06-17 06:00:04
DQN,45,11.820221169036333,06-17 06:00:06
DQN,45,0.8438224961197285,06-17 06:00:06
DQN,45,4.464041320110959,06-17 06:00:08
DQN,45,1.3754260585841136,06-17 06:00:08
DQN,45,68.19799894681415,06-17 06:00:22
DQN,45,9.620221169036325,06-17 06:00:24
DQN,45,17.486844286926438,06-17 06:00:28
DQN,45,8.28626434313033,06-17 06:00:30
DQN,45,6.086264329247387,06-17 06:00:31
DQN,45,4.3313322662603255,06-17 06:00:32
DQN,45,2.930662609339334,06-17 06:00:33
DQN,45,7.464042015456966,06-17 06:00:35
DQN,45,70.37515323202338,06-17 06:00:47
DQN,45,6.731332279906623,06-17 06:00:49
DQN,45,2.9535083241299613,06-17 06:00:50
DQN,45,4.86466559959366,06-17 06:00:51
DQN,45,2.3303581215944393,06-17 06:00:52
DQN,45,2.9979928657290484,06-17 06:00:53
DQN,45,73.35355450236975,06-17 06:01:03
DQN,45,68.90911005792525,06-17 06:01:13
DQN,45,2.0643149474730027,06-17 06:01:14
DQN,45,0.17715582945306188,06-17 06:01:14
DQN,45,3.6202203682350094,06-17 06:01:15
DQN,45,72.59799894681419,06-17 06:01:31
DQN,45,3.353553701568343,06-17 06:01:32
DQN,45,1.6859136771499952,06-17 06:01:33
DQN,45,69.37515323202341,06-17 06:01:45
DQN,45,69.97448700654554,06-17 06:01:59
DQN,45,16.575776724591886,06-17 06:02:01
DQN,45,2.8631068751272455,06-17 06:02:02
DQN,45,73.02022115514961,06-17 06:02:13
DQN,45,7.219597735926838,06-17 06:02:15
DQN,45,0.7999999999999999,06-17 06:02:16
DQN,45,1.5309816141396695,06-17 06:02:16
DQN,45,0.9104891627863952,06-17 06:02:17
DQN,45,3.8633297171948047,06-17 06:02:17
DQN,45,15.996760394920702,06-17 06:02:22
DQN,45,0.7967581152072134,06-17 06:02:22
DQN,45,0.13271138500861746,06-17 06:02:23
DQN,45,19.641549708508805,06-17 06:02:28
DQN,45,72.68622529942434,06-17 06:02:42
DQN,45,6.686887835671289,06-17 06:02:44
DQN,45,71.73133148112322,06-17 06:02:56
DQN,45,10.442443391254379,06-17 06:02:58
DQN,45,72.48688783570307,06-17 06:03:10
DQN,45,1.353508324129961,06-17 06:03:10
DQN,45,68.39799894681411,06-17 06:03:21
DQN,45,3.7307027064938874,06-17 06:03:22
DQN,45,26.041510379400084,06-17 06:03:26
DQN,45,3.753553701568343,06-17 06:03:28
DQN,45,1.6023122039887776,06-17 06:03:28
DQN,45,2.107869226318324,06-17 06:03:29
DQN,45,49.129819706451414,06-17 06:03:36
DQN,45,14.708216375175542,06-17 06:03:39
DQN,45,71.7526608196201,06-17 06:03:50
DQN,45,2.8193214052543194,06-17 06:03:50
DQN,45,69.86400208970713,06-17 06:04:05
DQN,45,2.041503543888961,06-17 06:04:06
DQN,45,9.217259892356767,06-17 06:04:07
DQN,45,72.70848645990546,06-17 06:04:21
DQN,45,3.530437796596646,06-17 06:04:21
DQN,45,0.7953360768175584,06-17 06:04:22
DQN,45,3.619591595382776,06-17 06:04:23
DQN,45,4.109103976840159,06-17 06:04:24
DQN,45,73.46377193073116,06-17 06:04:33
DQN,45,2.9091092571238986,06-17 06:04:34
DQN,45,68.64244339125858,06-17 06:04:42
DQN,45,67.55354851338016,06-17 06:04:54
DQN,45,74.38008470031285,06-17 06:05:03
DQN,45,2.1745358929849914,06-17 06:05:04
DQN,45,73.88688783570306,06-17 06:05:12
DQN,45,6.574839479664978,06-17 06:05:14
DQN,45,72.28688783570307,06-17 06:05:27
DQN,45,67.33133227987905,06-17 06:05:41
DQN,45,74.55293031445522,06-17 06:05:54
DQN,45,73.6202211690364,06-17 06:06:06
DQN,45,20.575109683178194,06-17 06:06:11
DQN,45,1.5947125902510935,06-17 06:06:11
DQN,45,2.0201749907966278,06-17 06:06:12
DQN,45,0.7064471879286695,06-17 06:06:13
DQN,45,0.8660447183419508,06-17 06:06:13
DQN,45,73.49323918073883,06-17 06:06:26
DQN,45,67.35355450236956,06-17 06:06:37
DQN,45,8.709110057925152,06-17 06:06:40
DQN,45,1.4412025596516576,06-17 06:06:40
DQN,45,16.020221169036333,06-17 06:06:43
DQN,45,0.7286694101508917,06-17 06:06:43
DQN,45,67.19647716988119,06-17 06:06:55
DQN,45,4.152660714164672,06-17 06:06:56
DQN,45,6.375730636509551,06-17 06:06:58
DQN,45,56.6193274862866,06-17 06:07:07
DQN,45,14.064665601422412,06-17 06:07:10
DQN,45,6.752032723608073,06-17 06:07:11
DQN,45,68.53070878757896,06-17 06:07:26
DQN,45,0.8438224961197285,06-17 06:07:27
DQN,45,4.6470599901916225,06-17 06:07:28
DQN,45,31.597998946814137,06-17 06:07:33
DQN,45,3.3757759237905653,06-17 06:07:34
DQN,45,2.9294633722874477,06-17 06:07:35
DQN,45,5.374883041601388,06-17 06:07:37
DQN,45,5.620177618431015,06-17 06:07:38
DQN,45,8.309110057924673,06-17 06:07:41
DQN,45,73.61959767646795,06-17 06:07:51
DQN,45,4.6868878218158825,06-17 06:07:52
DQN,45,1.3532038363618915,06-17 06:07:53
DQN,45,3.490657275360468,06-17 06:07:54
DQN,45,68.77577671070883,06-17 06:08:02
DQN,45,0.888266940564173,06-17 06:08:03
DQN,45,22.130708682281245,06-17 06:08:06
DQN,45,4.464665508025461,06-17 06:08:06
DQN,45,3.643900633616623,06-17 06:08:08
DQN,45,6.817902975530691,06-17 06:08:09
DQN,45,4.1535537015683435,06-17 06:08:10
DQN,45,6.291549997491106,06-17 06:08:11
DQN,45,1.5532038363618916,06-17 06:08:12
DQN,45,3.0202150879512706,06-17 06:08:13
DQN,45,68.2862583541451,06-17 06:08:24
DQN,45,69.06466561348084,06-17 06:08:34
DQN,45,68.37577672456017,06-17 06:08:49
DQN,45,2.0201749907966278,06-17 06:08:50
DQN,45,0.7508916323731138,06-17 06:08:50
DQN,45,73.53004185624107,06-17 06:09:01
DQN,45,4.375733070411743,06-17 06:09:03
DQN,45,3.350547047450402,06-17 06:09:03
DQN,45,3.5979981460127872,06-17 06:09:05
DQN,45,3.73043849194245,06-17 06:09:06
DQN,45,8.930702798588948,06-17 06:09:08
DQN,45,1.8467961636381087,06-17 06:09:09
DQN,45,68.3520504834178,06-17 06:09:22
DQN,45,72.50911005792526,06-17 06:09:34
DQN,45,4.952930208999849,06-17 06:09:36
DQN,45,2.0202150879512706,06-17 06:09:37
DQN,45,59.88688783570301,06-17 06:09:49
DQN,45,7.420221168795512,06-17 06:09:51
DQN,45,71.79799893908779,06-17 06:10:06
DQN,45,12.509110057684403,06-17 06:10:08
DQN,45,73.06466021592462,06-17 06:10:21
DQN,45,0.7508916323731138,06-17 06:10:21
DQN,45,68.28688783570294,06-17 06:10:32
DQN,45,0.6842249657064472,06-17 06:10:32
DQN,45,8.802662869996482,06-17 06:10:34
DQN,45,39.797375454245646,06-17 06:10:39
DQN,45,0.7999999999999999,06-17 06:10:40
DQN,45,4.648758502420435,06-17 06:10:41
DQN,45,4.086881754617938,06-17 06:10:43
DQN,45,67.22022116903626,06-17 06:10:51
DQN,45,69.90911005792519,06-17 06:11:03
DQN,45,9.86138188044763,06-17 06:11:05
DQN,45,11.620219324466998,06-17 06:11:08
DQN,45,10.81959767646784,06-17 06:11:10
DQN,45,5.5088021090192365,06-17 06:11:12
DQN,45,5.39799286572905,06-17 06:11:13
DQN,45,68.08599587066175,06-17 06:11:25
DQN,45,5.886887730247683,06-17 06:11:26
DQN,45,4.954610422444099,06-17 06:11:27
DQN,45,4.81959766258072,06-17 06:11:28
DQN,45,68.28653978964263,06-17 06:11:37
DQN,45,69.8409327047424,06-17 06:11:46
DQN,45,14.285365259714366,06-17 06:11:49
DQN,45,11.240663944182558,06-17 06:11:51
DQN,45,68.64244339125851,06-17 06:12:04
DQN,45,4.8637718252757836,06-17 06:12:06
DQN,45,4.151242192925572,06-17 06:12:06
DQN,45,7.175770721767054,06-17 06:12:08
DQN,45,3.35355439691435,06-17 06:12:09
DQN,45,50.04181989869005,06-17 06:12:17
DQN,45,68.04124483532946,06-17 06:12:29
DQN,45,14.531332280147442,06-17 06:12:31
DQN,45,71.95355450054133,06-17 06:12:41
DQN,45,68.66901967542722,06-17 06:12:54
DQN,45,69.01951575399744,06-17 06:13:07
DQN,45,67.39706750608563,06-17 06:13:19
DQN,45,7.805008600196604,06-17 06:13:21
DQN,45,0.7508916323731138,06-17 06:13:22
DQN,45,72.57577672459195,06-17 06:13:32
DQN,45,5.953554500540911,06-17 06:13:33
DQN,45,73.26404212067155,06-17 06:13:43
DQN,45,4.9973252056787105,06-17 06:13:44
DQN,45,5.3532038363618915,06-17 06:13:45
DQN,45,3.1052451502878435,06-17 06:13:46
DQN,45,11.219597676467838,06-17 06:13:49
DQN,45,69.70617436134046,06-17 06:14:04
DQN,45,2.7082102941432087,06-17 06:14:05
DQN,45,0.7064471879286695,06-17 06:14:06
DQN,45,72.44240329410394,06-17 06:14:24
DQN,45,68.97577672459195,06-17 06:14:37
DQN,45,2.0859479883334053,06-17 06:14:38
DQN,45,73.33475546349706,06-17 06:14:50
DQN,45,4.352349958833787,06-17 06:14:51
DQN,45,69.06377193073114,06-17 06:15:03
DQN,45,68.30911005792518,06-17 06:15:13
DQN,45,11.041549708508876,06-17 06:15:15
DQN,45,68.93017564954755,06-17 06:15:27
DQN,45,27.62022116903635,06-17 06:15:31
DQN,45,4.3084864599014105,06-17 06:15:32
DQN,45,0.7286694101508917,06-17 06:15:33
DQN,45,6.268090867105464,06-17 06:15:35
DQN,45,3.7313314793461205,06-17 06:15:36
DQN,45,6.664042087990082,06-17 06:15:38
DQN,45,4.4929662795049286,06-17 06:15:39
DQN,45,0.8660447183419508,06-17 06:15:40
DQN,45,5.864664812679454,06-17 06:15:42
DQN,45,4.864665611652024,06-17 06:15:43
DQN,45,5.931332278318689,06-17 06:15:45
DQN,45,22.752621305843174,06-17 06:15:51
DQN,45,2.4461331588098107,06-17 06:15:52
DQN,45,66.95355380702358,06-17 06:16:07
DQN,45,7.620221169032159,06-17 06:16:09
DQN,45,1.3532038363618915,06-17 06:16:10
DQN,45,1.819667056173686,06-17 06:16:10
DQN,45,2.4023122039887777,06-17 06:16:11
DQN,45,7.975147997891483,06-17 06:16:12
DQN,45,70.37281544791236,06-17 06:16:21
DQN,45,68.79680039088504,06-17 06:16:34
DQN,45,2.2868416574632944,06-17 06:16:35
DQN,45,4.13043251636543,06-17 06:16:37
DQN,45,69.22022116903639,06-17 06:16:50
DQN,45,66.95355450236958,06-17 06:17:02
DQN,45,4.552924928716109,06-17 06:17:03
DQN,45,6.531421708592499,06-17 06:17:05
DQN,45,72.59799894681359,06-17 06:17:18
DQN,45,6.442443391017733,06-17 06:17:20
DQN,45,6.220221168795511,06-17 06:17:22
DQN,45,4.308485764555404,06-17 06:17:23
DQN,45,2.930702706493887,06-17 06:17:24
DQN,45,2.0201749907966278,06-17 06:17:24
DQN,45,2.2646194352410722,06-17 06:17:25
DQN,45,16.2646656134766,06-17 06:17:30
DQN,45,5.486887821815882,06-17 06:17:31
DQN,45,0.7508916323731138,06-17 06:17:32
DQN,45,8.797998946782398,06-17 06:17:34
DQN,45,12.820221169036335,06-17 06:17:36
DQN,45,4.885994151124567,06-17 06:17:38
DQN,45,68.35355450236959,06-17 06:17:48
DQN,45,75.08688783570307,06-17 06:18:00
DQN,45,3.019551498228223,06-17 06:18:02
DQN,45,5.57954097584078,06-17 06:18:03
DQN,45,73.30880211084806,06-17 06:18:17
DQN,45,6.552582532497209,06-17 06:18:19
DQN,45,0.8222222222222222,06-17 06:18:19
DQN,45,2.1745358929849914,06-17 06:18:20
DQN,45,73.33133228014752,06-17 06:18:31
DQN,45,2.1532038363618913,06-17 06:18:32
DQN,45,9.686887835702992,06-17 06:18:34
DQN,45,5.931332278318689,06-17 06:18:36
DQN,45,7.109110056096467,06-17 06:18:38
DQN,45,0.888266940564173,06-17 06:18:39
DQN,45,68.50848656535659,06-17 06:18:50
DQN,45,72.95355450236973,06-17 06:19:00
DQN,45,70.10910338564815,06-17 06:19:09
DQN,45,73.04115367320809,06-17 06:19:19
DQN,45,4.10910397684016,06-17 06:19:20
DQN,45,4.486887730247683,06-17 06:19:21
DQN,45,4.175776619136572,06-17 06:19:23
DQN,45,2.930702706493887,06-17 06:19:24
DQN,45,2.9535083241299613,06-17 06:19:25
DQN,45,15.953554502369126,06-17 06:19:28
DQN,45,0.7754260585841137,06-17 06:19:29
DQN,45,71.2640421206715,06-17 06:19:43
DQN,45,3.486887034901676,06-17 06:19:44
DQN,45,5.797992865729048,06-17 06:19:45
DQN,45,74.01959767646795,06-17 06:19:54
DQN,45,2.80265678891149,06-17 06:19:55
DQN,45,18.953554502369606,06-17 06:19:58
DQN,45,72.39737545425712,06-17 06:20:11
DQN,45,3.735366629676373,06-17 06:20:13
DQN,45,9.042437310177398,06-17 06:20:15
DQN,45,5.953554502128844,06-17 06:20:16
DQN,45,2.0202150879512706,06-17 06:20:17
DQN,45,69.02017762025976,06-17 06:20:27
DQN,45,6.020221168795512,06-17 06:20:29
DQN,45,6.041549708268055,06-17 06:20:31
DQN,45,4.331332174692127,06-17 06:20:32
DQN,45,5.179157349186058,06-17 06:20:33
DQN,45,6.109104068694963,06-17 06:20:35
DQN,45,10.397105264064434,06-17 06:20:37
DQN,45,0.7993780516752841,06-17 06:20:38
DQN,45,5.553554502128844,06-17 06:20:40
DQN,45,3.353553701568343,06-17 06:20:41
DQN,45,73.2202210637702,06-17 06:20:52
DQN,45,66.81959767646778,06-17 06:21:01
DQN,45,72.57577672459189,06-17 06:21:14
DQN,45,26.042443389429824,06-17 06:21:18
DQN,45,34.931332280147465,06-17 06:21:23
DQN,45,7.664042107025166,06-17 06:21:25
DQN,45,68.75355450236972,06-17 06:21:38
DQN,45,73.95320392665207,06-17 06:21:52
DQN,45,67.88688783570294,06-17 06:22:05
DQN,45,71.77577672459195,06-17 06:22:19
DQN,45,67.35204378918296,06-17 06:22:30
DQN,45,8.153554502369118,06-17 06:22:32
DQN,45,0.8198705030285584,06-17 06:22:33
DQN,45,69.73013378349339,06-17 06:22:43
DQN,45,2.8415436274765415,06-17 06:22:44
DQN,45,3.7313314793461205,06-17 06:22:45
DQN,45,6.2424433910177335,06-17 06:22:47
DQN,45,6.175776710704771,06-17 06:22:49
DQN,45,67.79799894498571,06-17 06:23:04
DQN,45,72.42022115514925,06-17 06:23:17
DQN,45,67.15324655526064,06-17 06:23:31
DQN,45,6.686887835462177,06-17 06:23:33
DQN,45,66.9082163612923,06-17 06:23:47
DQN,45,68.56056934572145,06-17 06:24:03
DQN,45,70.28688783546207,06-17 06:24:12
DQN,45,71.64115449091817,06-17 06:24:28
DQN,45,0.888266940564173,06-17 06:24:28
DQN,45,68.99647706461506,06-17 06:24:44
DQN,45,16.57399658933974,06-17 06:24:47
DQN,45,71.10910995247389,06-17 06:25:02
DQN,45,67.70911004403801,06-17 06:25:14
DQN,45,6.3734645203622895,06-17 06:25:15
DQN,45,70.86377365923242,06-17 06:25:26
DQN,45,5.553554500540912,06-17 06:25:27
DQN,45,5.063162567983687,06-17 06:25:29
DQN,45,3.5979981460127872,06-17 06:25:30
DQN,45,72.73072142069601,06-17 06:25:39
DQN,45,72.59737465362687,06-17 06:25:52
DQN,45,3.8855519394170273,06-17 06:25:53
DQN,45,66.68688783570293,06-17 06:26:06
DQN,45,71.59710526406032,06-17 06:26:18
DQN,45,72.57577672459196,06-17 06:26:30
DQN,45,73.86466561348085,06-17 06:26:42
DQN,45,73.46377193073117,06-17 06:26:55
DQN,45,0.7993780516752841,06-17 06:26:56
DQN,45,4.8,06-17 06:26:57
DQN,45,50.33036029822022,06-17 06:27:05
DQN,45,70.4868356822106,06-17 06:27:14
DQN,45,3.486258262049443,06-17 06:27:15
DQN,45,7.553549222054216,06-17 06:27:17
DQN,45,70.62306824609884,06-17 06:27:27
DQN,45,2.6156010592398187,06-17 06:27:28
DQN,45,69.17577672459188,06-17 06:27:36
DQN,45,0.6842249657064472,06-17 06:27:37
DQN,45,7.509110057893511,06-17 06:27:39
DQN,45,12.441511950525976,06-17 06:27:41
DQN,45,2.196758115207213,06-17 06:27:42
DQN,45,68.57488304184217,06-17 06:27:53
DQN,45,9.774578227755603,06-17 06:27:56
DQN,45,39.664665613480814,06-17 06:28:03
DQN,45,3.0202150879512706,06-17 06:28:04
DQN,45,72.53013372421788,06-17 06:28:14
DQN,45,70.553554496157,06-17 06:28:27
DQN,45,8.131332280143269,06-17 06:28:30
DQN,45,9.508210386232324,06-17 06:28:32
DQN,45,52.64355145722992,06-17 06:28:41
DQN,45,73.15226560202935,06-17 06:28:54
DQN,45,70.44181989868997,06-17 06:29:04
DQN,45,73.3757767245873,06-17 06:29:14
DQN,45,7.262347330174405,06-17 06:29:16
DQN,45,3.1993772761244306,06-17 06:29:17
DQN,45,67.68568954767147,06-17 06:29:30
DQN,45,68.5295467495255,06-17 06:29:43
DQN,45,67.17577672459129,06-17 06:29:57
DQN,45,67.33133228014741,06-17 06:30:11
DQN,45,2.1532038363618913,06-17 06:30:12
DQN,45,66.75235594644052,06-17 06:30:23
DQN,45,67.20004617823963,06-17 06:30:33
DQN,45,72.35355450236965,06-17 06:30:44
DQN,45,3.7313314793461205,06-17 06:30:46
DQN,45,12.1973754540048,06-17 06:30:48
DQN,45,2.0201749907966278,06-17 06:30:49
DQN,45,8.863467057519987,06-17 06:30:51
DQN,45,67.46346268088135,06-17 06:31:05
DQN,45,73.30821821026592,06-17 06:31:16
DQN,45,68.01959844515943,06-17 06:31:26
DQN,45,4.175776619136572,06-17 06:31:27
DQN,45,68.95355449031418,06-17 06:31:42
DQN,45,2.9979928657290484,06-17 06:31:43
DQN,45,3.5731761652544396,06-17 06:31:44
DQN,45,72.13133228014748,06-17 06:31:59
DQN,45,3.753553701568343,06-17 06:32:00
DQN,45,4.042443285803239,06-17 06:32:01
DQN,45,7.730983804572521,06-17 06:32:04
DQN,45,4.797998146012787,06-17 06:32:06
DQN,45,4.464665508025461,06-17 06:32:07
DQN,45,69.17577672459187,06-17 06:32:19
DQN,45,16.33070878757887,06-17 06:32:22
DQN,45,8.90911005609647,06-17 06:32:24
DQN,45,5.020221155149215,06-17 06:32:25
DQN,45,72.86377193073118,06-17 06:32:40
DQN,45,71.19799894681405,06-17 06:32:51
DQN,45,68.8646656118926,06-17 06:33:03
DQN,45,6.1535545005409125,06-17 06:33:05
DQN,45,72.50821636128845,06-17 06:33:19
DQN,45,4.973960013230012,06-17 06:33:20
DQN,45,3.4193214052543195,06-17 06:33:22
DQN,45,4.885994139066203,06-17 06:33:23
DQN,45,8.10618541908697,06-17 06:33:26
DQN,45,6.220221155149216,06-17 06:33:28
DQN,45,66.7091100560964,06-17 06:33:40
DQN,45,17.06466561348078,06-17 06:33:44
DQN,45,5.841250562364049,06-17 06:33:46
DQN,45,0.8222222222222222,06-17 06:33:47
DQN,45,5.220221155149215,06-17 06:33:49
DQN,45,71.39799894657321,06-17 06:34:00
DQN,45,4.753510939706184,06-17 06:34:02
DQN,45,1.3532038363618915,06-17 06:34:03
DQN,45,70.97488270264314,06-17 06:34:13
DQN,45,4.242164889714262,06-17 06:34:14
DQN,45,66.86342784711404,06-17 06:34:24
DQN,45,0.7286694101508917,06-17 06:34:25
DQN,45,72.26466561348072,06-17 06:34:36
DQN,45,72.68688783570303,06-17 06:34:50
DQN,45,8.952660819619917,06-17 06:34:51
DQN,45,68.19769019898733,06-17 06:35:01
DQN,45,67.08599404768704,06-17 06:35:16
DQN,45,73.28688783364314,06-17 06:35:26
DQN,45,66.84239730341697,06-17 06:35:37
DQN,45,1.9087989071223335,06-17 06:35:38
DQN,45,71.64244339125865,06-17 06:35:50
DQN,45,1.5532038363618916,06-17 06:35:51
DQN,45,8.797998944985356,06-17 06:35:53
DQN,45,74.08128547539602,06-17 06:36:07
DQN,45,11.420221063581023,06-17 06:36:10
DQN,45,69.43800071157762,06-17 06:36:18
DQN,45,3.374882241041091,06-17 06:36:20
DQN,45,67.44009039318112,06-17 06:36:31
DQN,45,68.53133227990712,06-17 06:36:41
DQN,45,73.50817661003789,06-17 06:36:50
DQN,45,73.06466561348081,06-17 06:37:02
DQN,45,67.81928397756538,06-17 06:37:13
DQN,45,10.886844181711934,06-17 06:37:15
DQN,45,69.10759573146981,06-17 06:37:28
DQN,45,68.70880211084796,06-17 06:37:41
DQN,45,4.6868878218158825,06-17 06:37:43
DQN,45,71.37547231672328,06-17 06:37:52
DQN,45,0.8175582990397806,06-17 06:37:53
DQN,45,1.9157750342935527,06-17 06:37:54
DQN,45,10.997105264060254,06-17 06:37:56
DQN,45,2.1535083241299606,06-17 06:37:58
DQN,45,1.4189803374294356,06-17 06:37:59
DQN,45,70.46376899465368,06-17 06:38:08
DQN,45,73.57954687345651,06-17 06:38:19
DQN,45,3.707871454767135,06-17 06:38:21
DQN,45,71.30910995265485,06-17 06:38:33
DQN,45,72.15355449472975,06-17 06:38:45
DQN,45,2.6868817546179375,06-17 06:38:46
DQN,45,11.709063879874995,06-17 06:38:49
DQN,45,70.28688783570294,06-17 06:39:02
DQN,45,68.64244339125847,06-17 06:39:15
DQN,45,5.953554500540911,06-17 06:39:17
DQN,45,17.530134582238137,06-17 06:39:19
DQN,45,3.529813625450474,06-17 06:39:21
DQN,45,3.374578227755265,06-17 06:39:22
DQN,45,71.50911005792106,06-17 06:39:35
DQN,45,6.529500529702545,06-17 06:39:37
DQN,45,68.66466561348072,06-17 06:39:46
DQN,45,73.28684428692651,06-17 06:39:56
DQN,45,71.21991322198463,06-17 06:40:06
DQN,45,66.97577672458765,06-17 06:40:19
DQN,45,70.39799894681414,06-17 06:40:28
DQN,45,73.06932953507561,06-17 06:40:37
DQN,45,70.48688694172654,06-17 06:40:49
DQN,45,68.59799893292703,06-17 06:40:59
DQN,45,16.642443377371432,06-17 06:41:05
DQN,45,69.39799894681354,06-17 06:41:20
DQN,45,2.1532038363618913,06-17 06:41:21
DQN,45,68.99707096647752,06-17 06:41:37
DQN,45,7.353554502365493,06-17 06:41:39
DQN,45,70.5526172556498,06-17 06:41:47
DQN,45,72.93016809720302,06-17 06:41:59
DQN,45,5.486887730247684,06-17 06:42:01
DQN,45,72.50911005789769,06-17 06:42:14
DQN,45,9.420215089721665,06-17 06:42:16
DQN,45,73.33043766665158,06-17 06:42:24
DQN,45,71.4415057993474,06-17 06:42:35
DQN,45,4.886258262049443,06-17 06:42:37
DQN,45,2.8190174036512206,06-17 06:42:38
DQN,45,4.042443285803239,06-17 06:42:39
DQN,45,0.6842249657064472,06-17 06:42:40
DQN,45,69.6646656134808,06-17 06:42:53
DQN,45,8.441819898689513,06-17 06:42:55
DQN,45,71.17577672459177,06-17 06:43:07
DQN,45,69.95204526780009,06-17 06:43:16
DQN,45,67.26404278433812,06-17 06:43:32
DQN,45,4.309109952469905,06-17 06:43:33
DQN,45,7.797955397796724,06-17 06:43:35
DQN,45,2.2646194352410722,06-17 06:43:36
DQN,45,10.730438597397768,06-17 06:43:38
DQN,45,9.84181989868999,06-17 06:43:41
DQN,45,62.33133228014729,06-17 06:43:51
DQN,45,72.61959767646785,06-17 06:44:07
DQN,45,4.352356700833618,06-17 06:44:08
DQN,45,68.68688782364464,06-17 06:44:19
DQN,45,70.5313322801475,06-17 06:44:29
DQN,45,71.7964402988514,06-17 06:44:42
DQN,45,69.84120472194166,06-17 06:44:57
DQN,45,68.55355439710338,06-17 06:45:12
DQN,45,70.50692191067982,06-17 06:45:24
DQN,45,5.753554502128844,06-17 06:45:26
DQN,45,2.9532038363618915,06-17 06:45:27
DQN,45,68.33133228014744,06-17 06:45:38
DQN,45,71.79710526406443,06-17 06:45:48
DQN,45,12.930396792192829,06-17 06:45:50
DQN,45,9.152931009800623,06-17 06:45:52
DQN,45,68.15265474007126,06-17 06:46:03
DQN,45,73.21892617070628,06-17 06:46:15
DQN,45,6.42022036823501,06-17 06:46:17
DQN,45,5.375776710704772,06-17 06:46:19
DQN,45,69.82022116903636,06-17 06:46:28
DQN,45,71.49008371167875,06-17 06:46:39
DQN,45,71.26288008304067,06-17 06:46:50
DQN,45,68.17577671253699,06-17 06:46:59
DQN,45,35.553285958471314,06-17 06:47:04
DQN,45,68.1526608196195,06-17 06:47:17
DQN,45,12.286615217115727,06-17 06:47:19
DQN,45,67.5082163751754,06-17 06:47:30
DQN,45,67.75355450236964,06-17 06:47:45
DQN,45,41.77488304184222,06-17 06:47:52
DQN,45,68.95355450236967,06-17 06:48:06
DQN,45,69.24062582616793,06-17 06:48:15
DQN,45,4.795691034634086,06-17 06:48:17
DQN,45,69.46431602494191,06-17 06:48:26
DQN,45,6.508760796616422,06-17 06:48:28
DQN,45,67.5535109517646,06-17 06:48:37
DQN,45,71.39561335723756,06-17 06:48:49
DQN,45,69.37577661932565,06-17 06:49:02
DQN,45,69.48688783570235,06-17 06:49:10
DQN,45,2.1970590994445165,06-17 06:49:11
DQN,45,15.597105264063877,06-17 06:49:14
DQN,45,69.41959532063315,06-17 06:49:26
DQN,45,71.37398998217942,06-17 06:49:35
DQN,45,8.286887835671289,06-17 06:49:37
DQN,45,0.8175582990397806,06-17 06:49:38
DQN,45,71.26466561348082,06-17 06:49:49
DQN,45,70.61932748628666,06-17 06:50:01
DQN,45,7.46346729685242,06-17 06:50:03
DQN,45,71.59799894681358,06-17 06:50:17
DQN,45,0.6842249657064472,06-17 06:50:18
DQN,45,4.486887821815881,06-17 06:50:19
DQN,45,69.24243738843369,06-17 06:50:31
DQN,45,69.57488304184228,06-17 06:50:44
DQN,45,15.863144878445867,06-17 06:50:48
DQN,45,66.86466561348068,06-17 06:50:57
DQN,45,72.82022116903634,06-17 06:51:10
DQN,45,54.06466561348073,06-17 06:51:18
DQN,45,10.331332280147436,06-17 06:51:21
DQN,45,69.17515399990255,06-17 06:51:33
DQN,45,68.30848656535662,06-17 06:51:45
DQN,45,14.196800285587532,06-17 06:51:49
DQN,45,5.5091100440381044,06-17 06:51:51
DQN,45,72.66099169032648,06-17 06:52:03
DQN,45,2.8462075573287797,06-17 06:52:05
DQN,45,4.086843499488764,06-17 06:52:06
DQN,45,67.22022116903634,06-17 06:52:16
DQN,45,2.666666666666667,06-17 06:52:17
DQN,45,70.0418174398222,06-17 06:52:26
DQN,45,5.886887821815882,06-17 06:52:28
DQN,45,6.020221168795512,06-17 06:52:29
DQN,45,0.7993780516752841,06-17 06:52:30
DQN,45,68.95355370156831,06-17 06:52:39
DQN,45,2.2189803374294352,06-17 06:52:40
DQN,45,72.24181988480662,06-17 06:52:52
DQN,45,71.7069795416318,06-17 06:53:03
DQN,45,3.7348782285418163,06-17 06:53:04
DQN,45,72.68359657848058,06-17 06:53:14
DQN,45,2.8423972130188497,06-17 06:53:15
DQN,45,71.33133228014742,06-17 06:53:28
DQN,45,67.44244337737534,06-17 06:53:37
DQN,45,69.30911005792524,06-17 06:53:49
DQN,45,54.618080775364824,06-17 06:53:56
DQN,45,21.597375348790305,06-17 06:54:00
DQN,45,2.8202150879512704,06-17 06:54:01
DQN,45,69.33013132449798,06-17 06:54:15
DQN,45,69.26466561348079,06-17 06:54:27
DQN,45,59.86376585146929,06-17 06:54:34
DQN,45,1.3532038363618915,06-17 06:54:35
DQN,45,71.4634648473365,06-17 06:54:50
DQN,45,15.064042120671466,06-17 06:54:53
DQN,45,26.019327486045842,06-17 06:54:57
DQN,45,2.2646194352410722,06-17 06:54:59
DQN,45,70.92981280853377,06-17 06:55:09
DQN,45,4.396800285429942,06-17 06:55:11
DQN,45,17.486887835462195,06-17 06:55:14
DQN,45,18.441546263365005,06-17 06:55:18
DQN,45,73.04124483532532,06-17 06:55:26
DQN,45,69.26404212091226,06-17 06:55:38
DQN,45,68.0415119527418,06-17 06:55:51
DQN,45,4.508212582374975,06-17 06:55:52
DQN,45,7.242397303385326,06-17 06:55:54
DQN,45,70.28622607477202,06-17 06:56:05
DQN,45,68.37457816866277,06-17 06:56:21
DQN,45,67.06404212091219,06-17 06:56:31
DQN,45,73.17577672276352,06-17 06:56:42
DQN,45,35.06288007148749,06-17 06:56:46
DQN,45,71.95124219311003,06-17 06:56:55
DQN,45,71.62022116903633,06-17 06:57:10
DQN,45,72.84239984248201,06-17 06:57:21
DQN,45,73.7069863965676,06-17 06:57:33
DQN,45,6.886881754617939,06-17 06:57:35
DQN,45,73.28333248832489,06-17 06:57:49
DQN,45,4.464660227741721,06-17 06:57:50
DQN,45,13.686887833874593,06-17 06:57:52
DQN,45,4.307543931723368,06-17 06:57:54
DQN,45,70.19680039088509,06-17 06:58:06
DQN,45,66.90791236160344,06-17 06:58:20
DQN,45,3.7313314793461205,06-17 06:58:21
DQN,45,3.4193214052543195,06-17 06:58:22
DQN,45,71.68688783570244,06-17 06:58:34
DQN,45,68.13568634209389,06-17 06:58:43
DQN,45,73.10821557455704,06-17 06:58:54
DQN,45,72.6415496946221,06-17 06:59:07
DQN,45,11.597725724222691,06-17 06:59:10
DQN,45,1.3532038363618915,06-17 06:59:11
DQN,45,12.374578063392645,06-17 06:59:13
DQN,45,68.59325290386178,06-17 06:59:26
DQN,45,7.331326291126295,06-17 06:59:27
DQN,45,0.8023122039887777,06-17 06:59:28
DQN,45,70.13043859739773,06-17 06:59:37
DQN,45,69.21746065820575,06-17 06:59:48
DQN,45,73.3294971247423,06-17 06:59:59
DQN,45,68.26372585979702,06-17 07:00:09
DQN,45,8.486841747860934,06-17 07:00:11
DQN,45,69.84123959036376,06-17 07:00:24
DQN,45,3.532710609457764,06-17 07:00:26
DQN,45,5.220221155149215,06-17 07:00:28
DQN,45,72.50817792338701,06-17 07:00:39
DQN,45,68.28510441804299,06-17 07:00:49
DQN,45,71.37577672459193,06-17 07:01:00
DQN,45,6.17723475920712,06-17 07:01:01
DQN,45,68.15084945944439,06-17 07:01:14
DQN,45,71.04205586314694,06-17 07:01:26
DQN,45,2.308135899372217,06-17 07:01:27
DQN,45,73.02022107585213,06-17 07:01:39
DQN,45,70.39676044413262,06-17 07:01:51
DQN,45,5.400042705068995,06-17 07:01:53
DQN,45,72.134798507249,06-17 07:02:04
DQN,45,67.86376853973739,06-17 07:02:15
DQN,45,71.06168910634011,06-17 07:02:26
DQN,45,7.375776724351066,06-17 07:02:28
DQN,45,69.19799894681407,06-17 07:02:41
DQN,45,3.2670112515893788,06-17 07:02:43
DQN,45,4.797955292633965,06-17 07:02:44
DQN,45,3.6859880719209865,06-17 07:02:45
DQN,45,0.8438224961197285,06-17 07:02:46
DQN,45,8.820221169035786,06-17 07:02:48
DQN,45,7.108177816447365,06-17 07:02:50
DQN,45,69.88688782364457,06-17 07:03:03
DQN,45,72.15351095359303,06-17 07:03:19
DQN,45,7.268435853881829,06-17 07:03:21
DQN,45,4.175776619136572,06-17 07:03:23
DQN,45,67.61893075564387,06-17 07:03:34
DQN,45,2.0859479883334053,06-17 07:03:35
DQN,45,4.6868878218158825,06-17 07:03:37
DQN,45,2.107869226318324,06-17 07:03:38
DQN,45,69.39706567168457,06-17 07:03:48
DQN,45,69.81888790045568,06-17 07:04:04
DQN,45,68.43941598082685,06-17 07:04:18
DQN,45,70.86466560120954,06-17 07:04:29
DQN,45,0.8175582990397806,06-17 07:04:30
DQN,45,69.70911005789897,06-17 07:04:41
DQN,45,74.01987269349442,06-17 07:04:55
DQN,45,4.152660714164672,06-17 07:04:57
DQN,45,5.973944962332181,06-17 07:04:58
DQN,45,3.6201802710803666,06-17 07:04:59
DQN,45,2.3516947619637,06-17 07:05:01
DQN,45,72.17812844378561,06-17 07:05:12
DQN,45,1.5078692263183247,06-17 07:05:14
DQN,45,7.0646206614128655,06-17 07:05:16
DQN,45,6.085689279533099,06-17 07:05:18
DQN,45,70.57461519956402,06-17 07:05:31
DQN,45,5.953554500540911,06-17 07:05:33
DQN,45,4.264036039827221,06-17 07:05:34
DQN,45,68.75350471025453,06-17 07:05:45
DQN,45,3.641505412487553,06-17 07:05:46
DQN,45,69.19799894681417,06-17 07:05:56
DQN,45,3.6423972130188504,06-17 07:05:57
DQN,45,71.84092804943973,06-17 07:06:10
DQN,45,71.17367925253907,06-17 07:06:23
DQN,45,71.95293100980119,06-17 07:06:36
DQN,45,2.223798739214225,06-17 07:06:37
DQN,45,73.82022116903632,06-17 07:06:49
DQN,45,68.79680118592911,06-17 07:07:06
DQN,45,4.1310242276150975,06-17 07:07:07
DQN,45,67.77431284442481,06-17 07:07:22
DQN,45,0.888266940564173,06-17 07:07:23
DQN,45,5.931332278318689,06-17 07:07:24
DQN,45,71.64244339125858,06-17 07:07:38
DQN,45,68.15355450236967,06-17 07:07:50
DQN,45,1.46342478187388,06-17 07:07:51
DQN,45,69.55350314930148,06-17 07:08:04
DQN,45,5.9082163733467885,06-17 07:08:06
DQN,45,67.42022045980343,06-17 07:08:15
DQN,45,69.19710526406436,06-17 07:08:26
DQN,45,8.309110057924673,06-17 07:08:29
DQN,45,24.264622064704223,06-17 07:08:34
DQN,45,69.28622079428925,06-17 07:08:46
DQN,45,71.06466550802537,06-17 07:08:58
DQN,45,71.17577663140779,06-17 07:09:11
DQN,45,5.797998146012787,06-17 07:09:13
DQN,45,5.600722296290432,06-17 07:09:14
DQN,45,4.1757767107047705,06-17 07:09:16
DQN,45,67.82488500062246,06-17 07:09:28
DQN,45,67.44181989869007,06-17 07:09:38
DQN,45,68.35235594644054,06-17 07:09:48
DQN,45,71.31030463863323,06-17 07:09:59
DQN,45,70.82022116903629,06-17 07:10:12
DQN,45,73.0195976762271,06-17 07:10:22
DQN,45,9.59710526406436,06-17 07:10:24
DQN,45,2.7082102941432087,06-17 07:10:25
DQN,45,4.13043251636543,06-17 07:10:26
DQN,45,68.7979989449857,06-17 07:10:35
DQN,45,71.60239431542203,06-17 07:10:44
DQN,45,68.29061769799127,06-17 07:10:54
DQN,45,5.75203192463571,06-17 07:10:56
DQN,45,6.886887821815883,06-17 07:10:59
DQN,45,2.774876960809875,06-17 07:11:00
DQN,45,2.6868870349016767,06-17 07:11:01
DQN,45,3.085914445818852,06-17 07:11:02
DQN,45,71.68657391289166,06-17 07:11:10
DQN,45,7.463728368790515,06-17 07:11:12
DQN,45,69.55355448848603,06-17 07:11:23
DQN,45,5.197105250177314,06-17 07:11:25
DQN,45,4.130132923475537,06-17 07:11:26
DQN,45,1.5087593919174471,06-17 07:11:27
DQN,45,67.73133228014746,06-17 07:11:40
DQN,45,4.219327380831339,06-17 07:11:41
DQN,45,70.17577661932575,06-17 07:11:50
DQN,45,66.8186993921035,06-17 07:11:59
DQN,45,2.2646194352410722,06-17 07:12:00
DQN,45,71.0202211690363,06-17 07:12:14
DQN,45,4.50951772435555,06-17 07:12:16
DQN,45,5.6190226112785,06-17 07:12:17
DQN,45,70.21898250718914,06-17 07:12:28
DQN,45,68.88657945884518,06-17 07:12:39
DQN,45,9.113151235822082,06-17 07:12:41
DQN,45,69.33039942537684,06-17 07:12:50
DQN,45,69.79710526406433,06-17 07:12:58
DQN,45,1.5999999999999999,06-17 07:12:59
DQN,45,48.041110124364785,06-17 07:13:08
DQN,45,0.8438224961197285,06-17 07:13:09
DQN,45,4.35324644983732,06-17 07:13:10
DQN,45,71.01902834007855,06-17 07:13:18
DQN,45,67.15324655529183,06-17 07:13:33
DQN,45,67.81983121026576,06-17 07:13:48
DQN,45,72.68538703356272,06-17 07:13:58
DQN,45,68.82022115515323,06-17 07:14:07
DQN,45,3.6415489077077576,06-17 07:14:09
DQN,45,69.52768750167358,06-17 07:14:20
DQN,45,69.1377236309307,06-17 07:14:29
DQN,45,72.90848576633248,06-17 07:14:42
DQN,45,67.68688703490163,06-17 07:14:55
DQN,45,67.55292500697631,06-17 07:15:07
DQN,45,68.5079115019961,06-17 07:15:18
DQN,45,69.0634654487821,06-17 07:15:33
DQN,45,71.35235072879816,06-17 07:15:43
DQN,45,73.0637283687672,06-17 07:15:53
DQN,45,71.28626555309106,06-17 07:16:03
DQN,45,67.10790552800717,06-17 07:16:20
DQN,45,68.46346695225711,06-17 07:16:36
DQN,45,6.996709226938993,06-17 07:16:38
DQN,45,0.8222222222222222,06-17 07:16:39
DQN,45,69.55674633925366,06-17 07:16:52
DQN,45,70.48568530203306,06-17 07:17:06
DQN,45,10.41813075338136,06-17 07:17:09
DQN,45,72.19736988799346,06-17 07:17:20
DQN,45,69.172529000498,06-17 07:17:32
DQN,45,6.864622064672502,06-17 07:17:34
DQN,45,11.196401282824059,06-17 07:17:37
DQN,45,28.663999234613026,06-17 07:17:40
DQN,45,68.42017762025912,06-17 07:17:49
DQN,45,67.13133228014738,06-17 07:17:59
DQN,45,67.35355450236968,06-17 07:18:08
DQN,45,70.92981523549442,06-17 07:18:17
DQN,45,71.2461310868641,06-17 07:18:29
DQN,45,71.68364470031239,06-17 07:18:44
DQN,45,67.90911005792525,06-17 07:18:53
DQN,45,1.5309816141396695,06-17 07:18:54
DQN,45,8.175776619294167,06-17 07:18:56
DQN,45,70.28342113995382,06-17 07:19:08
DQN,45,67.95355441095886,06-17 07:19:22
DQN,45,71.97355345612377,06-17 07:19:36
DQN,45,58.70821038624532,06-17 07:19:46
DQN,45,70.30911005792521,06-17 07:19:54
DQN,45,13.597998946573288,06-17 07:19:57
DQN,45,0.7286694101508917,06-17 07:19:58
DQN,45,68.68531312413604,06-17 07:20:09
DQN,45,2.9353265325331606,06-17 07:20:11
DQN,45,1.732710609458528,06-17 07:20:12
DQN,45,68.3757307451947,06-17 07:20:23
DQN,45,67.66217012608955,06-17 07:20:40
DQN,45,68.04182066632828,06-17 07:20:55
DQN,45,2.9528855994405885,06-17 07:20:56
DQN,45,68.3529310098011,06-17 07:21:07
DQN,45,72.4859941511246,06-17 07:21:19
DQN,45,4.152316582741662,06-17 07:21:20
DQN,45,6.397955397796725,06-17 07:21:21
DQN,45,70.13070878754726,06-17 07:21:30
DQN,45,72.37454249885577,06-17 07:21:42
DQN,45,67.64244339125794,06-17 07:21:54
DQN,45,69.41959767646787,06-17 07:22:08
DQN,45,71.64154970850889,06-17 07:22:17
DQN,45,5.908796133526088,06-17 07:22:18
DQN,45,70.04244339125799,06-17 07:22:30
DQN,45,0.1993780516752841,06-17 07:22:31
DQN,45,3.151914118340278,06-17 07:22:32
DQN,45,72.79680924786028,06-17 07:22:45
DQN,45,67.57515323202337,06-17 07:23:01
DQN,45,2.6868817546179375,06-17 07:23:02
DQN,45,6.2424433910177335,06-17 07:23:03
DQN,45,70.90600549443445,06-17 07:23:13
DQN,45,13.352616472127004,06-17 07:23:16
DQN,45,70.42022116903631,06-17 07:23:27
DQN,45,31.663509841497522,06-17 07:23:34
DQN,45,68.9964935412385,06-17 07:23:44
DQN,45,70.13044043248462,06-17 07:23:54
DQN,45,68.99799894681408,06-17 07:24:06
DQN,45,69.97483948654268,06-17 07:24:15
DQN,45,70.08688783387456,06-17 07:24:26
DQN,45,15.375775925567606,06-17 07:24:29
DQN,45,1.3967581152072133,06-17 07:24:30
DQN,45,4.797992865729048,06-17 07:24:31
DQN,45,70.44244339125848,06-17 07:24:45
DQN,45,0.7508916323731138,06-17 07:24:46
DQN,45,3.22102018534095,06-17 07:24:48
DQN,45,71.48599415295341,06-17 07:25:01
DQN,45,67.73128872954241,06-17 07:25:13
DQN,45,69.84092617580482,06-17 07:25:26
DQN,45,5.596477064425956,06-17 07:25:28
DQN,45,3.3745789230558407,06-17 07:25:29
DQN,45,3.1786194612290206,06-17 07:25:31
DQN,45,67.04244339125847,06-17 07:25:41
DQN,45,72.39702354328206,06-17 07:25:52
DQN,45,5.33133157091432,06-17 07:25:53
DQN,45,69.88688586041991,06-17 07:26:06
DQN,45,68.66226422029428,06-17 07:26:16
DQN,45,73.32858016802736,06-17 07:26:26
DQN,45,72.90906640393422,06-17 07:26:37
DQN,45,68.17398767358549,06-17 07:26:50
DQN,45,3.420176832822097,06-17 07:26:51
DQN,45,5.061416157552458,06-17 07:26:53
DQN,45,67.39765047124331,06-17 07:27:05
DQN,45,7.486882553590506,06-17 07:27:07
DQN,45,67.88626434313439,06-17 07:27:16
DQN,45,0.17715582945306188,06-17 07:27:16
DQN,45,70.64128596004285,06-17 07:27:25
DQN,45,69.66466561348085,06-17 07:27:35
DQN,45,71.37427178177857,06-17 07:27:46
DQN,45,4.400004433422923,06-17 07:27:47
DQN,45,14.64209491568781,06-17 07:27:50
DQN,45,69.02022116903625,06-17 07:28:01
DQN,45,72.49035315910223,06-17 07:28:13
DQN,45,67.37924209184523,06-17 07:28:26
DQN,45,2.0202150879512706,06-17 07:28:27
DQN,45,70.68688782023192,06-17 07:28:36
DQN,45,73.30821637334688,06-17 07:28:45
DQN,45,70.35115683566224,06-17 07:29:00
DQN,45,4.442437310173493,06-17 07:29:01
DQN,45,68.37577672459142,06-17 07:29:14
DQN,45,69.57147654444063,06-17 07:29:26
DQN,45,5.953554500540911,06-17 07:29:28
DQN,45,3.6424425904572315,06-17 07:29:29
DQN,45,71.66466561348074,06-17 07:29:43
DQN,45,72.75203584780877,06-17 07:29:56
DQN,45,68.66461424814494,06-17 07:30:07
DQN,45,3.5081381525535362,06-17 07:30:09
DQN,45,8.063771930699387,06-17 07:30:11
DQN,45,9.113773981107594,06-17 07:30:14
DQN,45,74.55293177849416,06-17 07:30:23
DQN,45,69.59664090849901,06-17 07:30:38
DQN,45,3.420215087951271,06-17 07:30:40
DQN,45,69.086887835703,06-17 07:30:50
DQN,45,67.82022116903583,06-17 07:31:00
DQN,45,73.55236167537649,06-17 07:31:13
DQN,45,3.5296320229403766,06-17 07:31:14
DQN,45,72.70848656352803,06-17 07:31:27
DQN,45,70.08409325475665,06-17 07:31:40
DQN,45,70.66373417277786,06-17 07:31:53
DQN,45,71.81786886789234,06-17 07:32:02
DQN,45,4.175775923790566,06-17 07:32:04
DQN,45,70.83856756039869,06-17 07:32:16
DQN,45,5.01991242120963,06-17 07:32:18
DQN,45,0.8438224961197285,06-17 07:32:19
DQN,45,3.0202150879512706,06-17 07:32:20
DQN,45,72.8202211690363,06-17 07:32:33
DQN,45,68.90821795576566,06-17 07:32:42
DQN,45,5.957084770179233,06-17 07:32:44
DQN,45,4.841819793234744,06-17 07:32:45
DQN,45,3.6189817140903138,06-17 07:32:46
DQN,45,73.19945334026956,06-17 07:32:58
DQN,45,70.50911005792516,06-17 07:33:08
DQN,45,72.75231177226948,06-17 07:33:19
DQN,45,3.7529249287161095,06-17 07:33:20
DQN,45,2.2414692327055503,06-17 07:33:21
DQN,45,73.39647716988134,06-17 07:33:34
DQN,45,19.37457219489183,06-17 07:33:39
DQN,45,71.93012775044382,06-17 07:33:52
DQN,45,0.9333333333333333,06-17 07:33:53
DQN,45,68.04154970829974,06-17 07:34:02
DQN,45,68.88568507654557,06-17 07:34:10
DQN,45,70.01991322195916,06-17 07:34:23
DQN,45,2.777226362832873,06-17 07:34:24
DQN,45,6.262808876639667,06-17 07:34:26
DQN,45,72.97577661913665,06-17 07:34:39
DQN,45,3.1993772761244306,06-17 07:34:40
DQN,45,2.0634247818738802,06-17 07:34:41
DQN,45,71.55355379496531,06-17 07:34:56
DQN,45,21.420174997200665,06-17 07:35:00
DQN,45,72.7312809273742,06-17 07:35:14
DQN,45,10.419913220130688,06-17 07:35:16
DQN,45,15.864042120912286,06-17 07:35:19
DQN,45,12.531331481123159,06-17 07:35:21
DQN,45,1.5532038363618916,06-17 07:35:22
DQN,45,4.268435840026423,06-17 07:35:23
DQN,45,72.19668021309013,06-17 07:35:35
DQN,45,25.418708595371974,06-17 07:35:39
DQN,45,24.997105264064448,06-17 07:35:43
DQN,45,2.04239721301885,06-17 07:35:44
DQN,45,70.17370172982217,06-17 07:35:56
DQN,45,69.3535084145281,06-17 07:36:09
DQN,45,5.50787224187786,06-17 07:36:11
DQN,45,73.73070955545813,06-17 07:36:25
DQN,45,73.41959844434703,06-17 07:36:38
DQN,45,9.261111505301185,06-17 07:36:40
DQN,45,72.37453805527502,06-17 07:36:53
DQN,45,9.46342487238642,06-17 07:36:56
DQN,45,69.39247645844978,06-17 07:37:11
DQN,45,70.50910406288644,06-17 07:37:24
DQN,45,68.64591558537087,06-17 07:37:36
DQN,45,67.46466561344901,06-17 07:37:48
DQN,45,2.175730546352183,06-17 07:37:50
DQN,45,70.61782720840739,06-17 07:38:04
DQN,45,3.8398241411989273,06-17 07:38:05
DQN,45,26.486571144395718,06-17 07:38:09
DQN,45,70.7291988828209,06-17 07:38:18
DQN,45,68.72927668651404,06-17 07:38:30
DQN,45,71.66466561324,06-17 07:38:40
DQN,45,71.90848656535677,06-17 07:38:56
DQN,45,71.9499629631715,06-17 07:39:07
DQN,45,72.10755582077482,06-17 07:39:19
DQN,45,67.48688783570297,06-17 07:39:32
DQN,45,72.5967602707184,06-17 07:39:41
DQN,45,3.9570211829511694,06-17 07:39:42
DQN,45,68.1757767245918,06-17 07:39:56
DQN,45,4.3526607141646725,06-17 07:39:57
DQN,45,3.575732388377653,06-17 07:39:59
DQN,45,69.90635036853119,06-17 07:40:08
DQN,45,60.286583256125844,06-17 07:40:16
DQN,45,2.2248389139790694,06-17 07:40:17
DQN,45,3.1359901222448237,06-17 07:40:18
DQN,45,74.2190138680849,06-17 07:40:34
DQN,45,72.70911005792526,06-17 07:40:47
DQN,45,11.064665613480777,06-17 07:40:49
DQN,45,0.7993780516752841,06-17 07:40:50
DQN,45,73.99710526406447,06-17 07:41:00
DQN,45,67.48688783570293,06-17 07:41:10
DQN,45,1.6431563694269566,06-17 07:41:11
DQN,45,4.840626679896679,06-17 07:41:12
DQN,45,70.0456069812294,06-17 07:41:23
DQN,45,73.92914413314297,06-17 07:41:35
DQN,45,72.66219719870226,06-17 07:41:48
DQN,45,2.2842249657064473,06-17 07:41:50
DQN,45,70.88475212200825,06-17 07:41:59
DQN,45,74.06247746647632,06-17 07:42:10
DQN,45,8.686258262049444,06-17 07:42:13
DQN,45,6.597060968043109,06-17 07:42:14
DQN,45,69.61932738083476,06-17 07:42:28
DQN,45,11.62021508972173,06-17 07:42:30
DQN,45,28.713767992118246,06-17 07:42:34
DQN,45,3.8411074949725825,06-17 07:42:35
DQN,45,4.3520319246357095,06-17 07:42:36
DQN,45,4.486887821815881,06-17 07:42:37
DQN,45,69.6868416576522,06-17 07:42:50
DQN,45,5.815739750529511,06-17 07:42:51
DQN,45,71.01870635316753,06-17 07:43:00
DQN,45,73.37543306942455,06-17 07:43:11
DQN,45,66.75266081961574,06-17 07:43:21
DQN,45,69.19294248505717,06-17 07:43:32
DQN,45,7.690312245038742,06-17 07:43:34
DQN,45,4.269328735861896,06-17 07:43:36
DQN,45,65.81959246075776,06-17 07:43:47
DQN,45,7.220220471861572,06-17 07:43:49
DQN,45,70.64213810269247,06-17 07:43:58
DQN,45,13.174487004716768,06-17 07:44:02
DQN,45,69.88626434313447,06-17 07:44:15
DQN,45,5.375776722763135,06-17 07:44:16
DQN,45,13.709066507319898,06-17 07:44:19
DQN,45,47.57577671070514,06-17 07:44:28
DQN,45,72.26218829493475,06-17 07:44:42
DQN,45,72.4424433912586,06-17 07:44:50
DQN,45,67.35324655346396,06-17 07:45:00
DQN,45,5.752930904345855,06-17 07:45:02
DQN,45,3.41932140525432,06-17 07:45:03
DQN,45,72.35266081961953,06-17 07:45:16
DQN,45,69.4634268387675,06-17 07:45:31
DQN,45,69.21685238972546,06-17 07:45:40
DQN,45,73.30818431734862,06-17 07:45:51
DQN,45,69.35760588525511,06-17 07:46:00
DQN,45,13.353554502369667,06-17 07:46:03
DQN,45,67.79769099790846,06-17 07:46:16
DQN,45,8.26929117516122,06-17 07:46:18
DQN,45,68.7979989468141,06-17 07:46:32
DQN,45,72.59666905893802,06-17 07:46:42
DQN,45,69.30848576625311,06-17 07:46:54
DQN,45,73.15724666174167,06-17 07:47:06
DQN,45,1.46342478187388,06-17 07:47:07
DQN,45,69.13133228014738,06-17 07:47:19
DQN,45,70.82426005935922,06-17 07:47:29
DQN,45,69.35355449031432,06-17 07:47:46
DQN,45,71.5523596990498,06-17 07:47:58
DQN,45,69.33043860410528,06-17 07:48:11
DQN,45,68.24181389586516,06-17 07:48:25
DQN,45,73.38143170529213,06-17 07:48:40
DQN,45,72.93133217488074,06-17 07:48:51
DQN,45,67.01901749565035,06-17 07:49:01
DQN,45,70.55351093971021,06-17 07:49:11
DQN,45,3.6620463634211493,06-17 07:49:13
DQN,45,70.28688773024801,06-17 07:49:24
DQN,45,5.5356882544239,06-17 07:49:25
DQN,45,4.462136033032704,06-17 07:49:26
DQN,45,72.41928962285287,06-17 07:49:35
DQN,45,71.23841430602515,06-17 07:49:45
DQN,45,71.13599356049419,06-17 07:49:58
DQN,45,70.93133228014682,06-17 07:50:13
DQN,45,71.84244339101774,06-17 07:50:24
DQN,45,7.375776722763134,06-17 07:50:26
DQN,45,1.622222222222222,06-17 07:50:27
DQN,45,71.86435766640355,06-17 07:50:39
DQN,45,69.93070878757887,06-17 07:50:48
DQN,45,70.53012852031397,06-17 07:51:01
DQN,45,74.08178865128482,06-17 07:51:09
DQN,45,63.51111191167154,06-17 07:51:17
DQN,45,71.30591311609855,06-17 07:51:30
DQN,45,69.15590444918635,06-17 07:51:39
DQN,45,72.28333396448598,06-17 07:51:51
DQN,45,70.77395254453488,06-17 07:52:05
DQN,45,71.13133228014746,06-17 07:52:16
DQN,45,68.22280853444882,06-17 07:52:29
DQN,45,71.1519976342922,06-17 07:52:43
DQN,45,72.32981411235919,06-17 07:52:54
DQN,45,71.196800390885,06-17 07:53:07
DQN,45,1.9087989071223335,06-17 07:53:08
DQN,45,71.08483910527328,06-17 07:53:21
DQN,45,74.1297467857482,06-17 07:53:31
DQN,45,58.79737545424566,06-17 07:53:43
DQN,45,4.37483937450262,06-17 07:53:44
DQN,45,72.5973762142235,06-17 07:53:58
DQN,45,3.3757759237905653,06-17 07:53:59
DQN,45,70.99798637467745,06-17 07:54:11
DQN,45,15.663771930731105,06-17 07:54:15
DQN,45,73.8632537902764,06-17 07:54:32
DQN,45,4.8,06-17 07:54:33
DQN,45,3.8633297171948047,06-17 07:54:34
DQN,45,2.2636914549277725,06-17 07:54:35
DQN,45,67.33129225949976,06-17 07:54:49
DQN,45,48.312843764715026,06-17 07:54:58
DQN,45,68.73070955542633,06-17 07:55:08
DQN,45,5.219591595382776,06-17 07:55:10
DQN,45,64.1090387350221,06-17 07:55:22
DQN,45,70.19617479298209,06-17 07:55:36
DQN,45,68.88490851918189,06-17 07:55:48
DQN,45,6.422264147281305,06-17 07:55:50
DQN,45,6.064660331368284,06-17 07:55:52
DQN,45,6.974882241204838,06-17 07:55:54
DQN,45,68.2856545795734,06-17 07:56:10
DQN,45,8.463067945412487,06-17 07:56:12
DQN,45,70.53043251636934,06-17 07:56:25
DQN,45,68.51523190575362,06-17 07:56:36
DQN,45,68.57488466661343,06-17 07:56:49
DQN,45,41.95355438507263,06-17 07:56:57
DQN,45,68.30910996650654,06-17 07:57:07
DQN,45,1.7947125902510936,06-17 07:57:08
DQN,45,26.77249476457331,06-17 07:57:14
DQN,45,70.75169781600275,06-17 07:57:23
DQN,45,71.44065715734558,06-17 07:57:33
DQN,45,68.30906397337317,06-17 07:57:42
DQN,45,0.8216002738975062,06-17 07:57:43
DQN,45,66.86466561344899,06-17 07:57:52
DQN,45,9.071675975572596,06-17 07:57:54
DQN,45,70.44644696772231,06-17 07:58:07
DQN,45,69.39679854652563,06-17 07:58:16
DQN,45,12.618398787438805,06-17 07:58:19
DQN,45,68.2187013409342,06-17 07:58:30
DQN,45,70.46932279559336,06-17 07:58:41
DQN,45,73.01777788093791,06-17 07:58:50
DQN,45,15.752930995918016,06-17 07:58:52
DQN,45,0.8660447183419506,06-17 07:58:53
DQN,45,6.8189824505186944,06-17 07:58:55
DQN,45,10.109103977021729,06-17 07:58:57
DQN,45,70.08234146144008,06-17 07:59:08
DQN,45,2.9334431697774477,06-17 07:59:09
DQN,45,2.2646194352410722,06-17 07:59:11
DQN,45,4.373422564594051,06-17 07:59:12
DQN,45,69.75112949305237,06-17 07:59:26
DQN,45,69.95235503940188,06-17 07:59:36
DQN,45,4.042985044251916,06-17 07:59:37
DQN,45,4.841238859729939,06-17 07:59:39
DQN,45,71.3517388212092,06-17 07:59:51
DQN,45,73.13044084725317,06-17 08:00:07
DQN,45,8.2415497031543,06-17 08:00:09
DQN,45,73.0424433671452,06-17 08:00:21
DQN,45,69.77209045938002,06-17 08:00:35
DQN,45,71.41835489400937,06-17 08:00:50
DQN,45,72.70663161945531,06-17 08:01:03
DQN,45,70.97358857758735,06-17 08:01:16
DQN,45,69.21751307434523,06-17 08:01:29
DQN,45,4.3573187465767464,06-17 08:01:31
DQN,45,3.2425350154873525,06-17 08:01:32
DQN,45,4.241238769354121,06-17 08:01:33
DQN,45,69.22415930028939,06-17 08:01:47
DQN,45,6.931288717483963,06-17 08:01:48
DQN,45,71.26044442812847,06-17 08:01:59
DQN,45,68.94812035319217,06-17 08:02:11
DQN,45,5.312880284470867,06-17 08:02:13
DQN,45,18.66342478187418,06-17 08:02:16
DQN,45,72.7030664506291,06-17 08:02:24
DQN,45,3.284224965706447,06-17 08:02:26
DQN,45,3.5091039768401595,06-17 08:02:27
DQN,45,7.309103977003539,06-17 08:02:29
DQN,45,4.797998146012787,06-17 08:02:31
DQN,45,7.486887835698826,06-17 08:02:33
DQN,45,9.374883041842203,06-17 08:02:36
DQN,45,17.397067506085154,06-17 08:02:39
DQN,45,4.753246541405318,06-17 08:02:41
DQN,45,71.88553213098963,06-17 08:02:51
DQN,45,68.62126042249925,06-17 08:03:02
DQN,45,70.11373396046059,06-17 08:03:14
DQN,45,72.44023813447048,06-17 08:03:23
DQN,45,6.551528909433127,06-17 08:03:25
DQN,45,0.17777777777777773,06-17 08:03:25
DQN,45,71.9747652795568,06-17 08:03:40
DQN,45,8.88684887308138,06-17 08:03:43
DQN,45,70.19709771975705,06-17 08:03:56
DQN,45,5.5313261990623825,06-17 08:03:57
DQN,45,5.486887821815882,06-17 08:03:58
DQN,45,72.75324655529197,06-17 08:04:07
DQN,45,4.290578369001296,06-17 08:04:09
DQN,45,75.26439349242031,06-17 08:04:18
DQN,45,4.04239721301885,06-17 08:04:19
DQN,45,72.17488148138708,06-17 08:04:29
DQN,45,70.2398145751506,06-17 08:04:42
DQN,45,5.419283975977522,06-17 08:04:44
DQN,45,67.90821038624523,06-17 08:04:56
DQN,45,5.464664812679454,06-17 08:04:58
DQN,45,70.91284597171894,06-17 08:05:11
DQN,45,68.63997460896354,06-17 08:05:21
DQN,45,5.891545679705952,06-17 08:05:22
DQN,45,72.15236458767959,06-17 08:05:35
DQN,45,68.7973746534482,06-17 08:05:50
DQN,45,68.53102422083975,06-17 08:05:58
DQN,45,6.802662869964842,06-17 08:06:00
DQN,45,71.19799740400323,06-17 08:06:13
DQN,45,74.55294312320926,06-17 08:06:26
DQN,45,77.19449406484162,06-17 08:06:39
DQN,45,2.3940463651563353,06-17 08:06:40
DQN,45,73.2041227414638,06-17 08:06:55
DQN,45,70.81859213351873,06-17 08:07:07
DQN,45,70.70662294305164,06-17 08:07:18
DQN,45,73.10740677734867,06-17 08:07:30
DQN,45,72.77573316192847,06-17 08:07:43
DQN,45,72.2419820218843,06-17 08:07:53
DQN,45,68.952654738588,06-17 08:08:04
DQN,45,71.57484528607519,06-17 08:08:16
DQN,45,70.44209210346563,06-17 08:08:29
DQN,45,72.08581216617483,06-17 08:08:41
DQN,45,3.0912010928776668,06-17 08:08:42
DQN,45,4.352617205735628,06-17 08:08:44
DQN,45,13.462579257853141,06-17 08:08:46
DQN,45,70.02021941541686,06-17 08:08:59
DQN,45,11.086887835462173,06-17 08:09:01
DQN,45,70.39081004032555,06-17 08:09:16
DQN,45,3.930374003526243,06-17 08:09:17
DQN,45,7.952031924635711,06-17 08:09:18
DQN,45,7.842596134038851,06-17 08:09:20
DQN,45,2.7091039768401597,06-17 08:09:21
DQN,45,5.197105250177314,06-17 08:09:22
DQN,45,69.33008659893571,06-17 08:09:32
DQN,45,7.775733175574502,06-17 08:09:34
DQN,45,3.464356865654074,06-17 08:09:35
DQN,45,71.37546875932397,06-17 08:09:46
DQN,45,8.819326687262564,06-17 08:09:48
DQN,45,26.485061263822406,06-17 08:09:53
DQN,45,73.2415437195658,06-17 08:10:07
DQN,45,3.6412387693541204,06-17 08:10:08
DQN,45,74.48372808701568,06-17 08:10:19
DQN,45,74.02246912775423,06-17 08:10:30
DQN,45,68.24244328580349,06-17 08:10:45
DQN,45,50.24244337737538,06-17 08:10:51
DQN,45,70.28688782181976,06-17 08:11:07
DQN,45,72.0424381109748,06-17 08:11:21
DQN,45,69.21959844434997,06-17 08:11:34
DQN,45,73.35169753596239,06-17 08:11:46
DQN,45,69.86466561348071,06-17 08:11:58
DQN,45,67.97487177104017,06-17 08:12:12
DQN,45,6.131331480882537,06-17 08:12:14
DQN,45,68.24213897989353,06-17 08:12:27
DQN,45,9.864665599597627,06-17 08:12:30
DQN,45,5.931332278318689,06-17 08:12:31
DQN,45,27.509110044042085,06-17 08:12:36
DQN,45,72.7078292579971,06-17 08:12:51
DQN,45,9.020221169032158,06-17 08:12:53
DQN,45,5.908440478980397,06-17 08:12:54
DQN,45,68.66377352178034,06-17 08:13:08
DQN,45,70.82022116900458,06-17 08:13:18
DQN,45,72.30821140140924,06-17 08:13:31
DQN,45,67.21987343990355,06-17 08:13:45
DQN,45,71.08821106032661,06-17 08:13:59
DQN,45,7.309066507319904,06-17 08:14:01
DQN,45,67.42022116903631,06-17 08:14:16
DQN,45,0.7999999999999999,06-17 08:14:16
DQN,45,70.19680114527803,06-17 08:14:27
DQN,45,2.439157034695538,06-17 08:14:28
DQN,45,0.6842249657064472,06-17 08:14:29
DQN,45,7.286887036647003,06-17 08:14:31
DQN,45,74.50701432259206,06-17 08:14:45
DQN,45,72.95351095359312,06-17 08:14:55
DQN,45,23.264533470039844,06-17 08:15:00
DQN,45,69.39795276857441,06-17 08:15:12
DQN,45,4.731332174692128,06-17 08:15:14
DQN,45,2.4198705030285588,06-17 08:15:15
DQN,45,3.97120004650501,06-17 08:15:16
DQN,45,73.3084790158944,06-17 08:15:29
DQN,45,68.62017499079658,06-17 08:15:43
DQN,45,4.129997201567357,06-17 08:15:44
DQN,45,71.64239808969137,06-17 08:15:55
DQN,45,71.70539959869286,06-17 08:16:08
DQN,45,69.7751064518888,06-17 08:16:20
DQN,45,8.064659534278984,06-17 08:16:22
DQN,45,73.13119989223134,06-17 08:16:32
DQN,45,8.13043859739359,06-17 08:16:34
DQN,45,3.7359901222448233,06-17 08:16:36
DQN,45,4.799740076283039,06-17 08:16:37
DQN,45,3.4868469377470332,06-17 08:16:38
DQN,45,68.46373415886924,06-17 08:16:48
DQN,45,73.86515924598953,06-17 08:17:00
DQN,45,67.75293100980113,06-17 08:17:14
DQN,45,69.42022116903212,06-17 08:17:22
DQN,45,2.3967581152072137,06-17 08:17:23
DQN,45,69.66019620041116,06-17 08:17:37
DQN,45,15.442443285960826,06-17 08:17:40
DQN,45,66.84213890345869,06-17 08:17:50
DQN,45,9.397648371096405,06-17 08:17:52
DQN,45,59.99799894681408,06-17 08:18:01
DQN,45,7.13773492773633,06-17 08:18:03
DQN,45,3.68621816489489,06-17 08:18:05
DQN,45,71.17457736945636,06-17 08:18:17
DQN,45,68.9091092571239,06-17 08:18:29
DQN,45,73.26431757693204,06-17 08:18:41
DQN,45,63.66439317962397,06-17 08:18:52
DQN,45,72.61562028005827,06-17 08:19:03
DQN,45,5.197952848424676,06-17 08:19:05
DQN,45,69.01712193449178,06-17 08:19:17
DQN,45,9.042442590620979,06-17 08:19:19
DQN,45,2.7091039768401597,06-17 08:19:20
DQN,45,72.37240039121563,06-17 08:19:30
DQN,45,66.41932738102038,06-17 08:19:40
DQN,45,71.97301637203249,06-17 08:19:50
DQN,45,10.4856537285557,06-17 08:19:52
DQN,45,13.241511537447806,06-17 08:19:54
DQN,45,69.8183026512051,06-17 08:20:04
DQN,45,73.37577672459194,06-17 08:20:17
DQN,45,67.35355439710338,06-17 08:20:30
DQN,45,3.084224965706447,06-17 08:20:31
DQN,45,7.509110044038105,06-17 08:20:32
DQN,45,70.82022116720758,06-17 08:20:44
DQN,45,71.55355450236968,06-17 08:20:55
DQN,45,2.7091039768401597,06-17 08:20:56
DQN,45,72.04030609537288,06-17 08:21:08
DQN,45,9.841920425186604,06-17 08:21:10
DQN,45,22.441829929241713,06-17 08:21:15
DQN,45,72.61767901850381,06-17 08:21:28
DQN,45,3.7091039768401597,06-17 08:21:29
DQN,45,68.88599415292157,06-17 08:21:43
DQN,45,73.88599436230709,06-17 08:21:56
DQN,45,2.86342478187388,06-17 08:21:58
DQN,45,51.175076302825595,06-17 08:22:05
DQN,45,13.752355946199778,06-17 08:22:09
DQN,45,5.886264329247386,06-17 08:22:11
DQN,45,71.0835411433846,06-17 08:22:24
DQN,45,0.15493360723083968,06-17 08:22:25
DQN,45,68.59666314418826,06-17 08:22:39
DQN,45,77.3748451645461,06-17 08:22:52
DQN,45,4.17515243122207,06-17 08:22:53
DQN,45,72.59645706490393,06-17 08:23:05
DQN,45,73.7748448672555,06-17 08:23:15
DQN,45,0.8198705030285584,06-17 08:23:16
DQN,45,2.174836877222294,06-17 08:23:17
DQN,45,71.97577672459197,06-17 08:23:32
DQN,45,71.61944897926712,06-17 08:23:44
DQN,45,24.395685942024027,06-17 08:23:49
DQN,45,68.7535545023379,06-17 08:23:59
DQN,45,1.46342478187388,06-17 08:24:00
DQN,45,70.88661687617495,06-17 08:24:12
DQN,45,71.57483687722238,06-17 08:24:25
DQN,45,72.41840079331435,06-17 08:24:39
DQN,45,4.064317884344046,06-17 08:24:40
DQN,45,2.307250317519255,06-17 08:24:41
DQN,45,0.6842249657064472,06-17 08:24:42
DQN,45,70.77383430345884,06-17 08:24:58
DQN,45,71.48560900265392,06-17 08:25:10
DQN,45,69.49092826604986,06-17 08:25:24
DQN,45,68.99684183921435,06-17 08:25:39
DQN,45,67.08688783570291,06-17 08:25:49
DQN,45,0.9111111111111111,06-17 08:25:50
DQN,45,38.954938144072145,06-17 08:25:59
DQN,45,71.46085036579069,06-17 08:26:10
DQN,45,10.775733175815327,06-17 08:26:13
DQN,45,11.48564709459529,06-17 08:26:15
DQN,45,71.77453809758516,06-17 08:26:28
DQN,45,4.463995942672668,06-17 08:26:29
DQN,45,1.5058237013622044,06-17 08:26:30
DQN,45,68.95607984565476,06-17 08:26:44
DQN,45,7.574882936386896,06-17 08:26:46
DQN,45,0.8175582990397806,06-17 08:26:47
DQN,45,2.04239721301885,06-17 08:26:48
DQN,45,8.532790316590882,06-17 08:26:50
DQN,45,17.19765047867132,06-17 08:26:54
DQN,45,69.79499662419016,06-17 08:27:06
DQN,45,0.7064471879286695,06-17 08:27:07
DQN,45,72.73043859739784,06-17 08:27:21
DQN,45,4.152349880465232,06-17 08:27:22
DQN,45,71.33102422756357,06-17 08:27:34
DQN,45,54.1979982514364,06-17 08:27:41
DQN,45,4.153508324129961,06-17 08:27:42
DQN,45,72.70787331688004,06-17 08:27:51
DQN,45,69.88507141068655,06-17 08:28:03
DQN,45,70.79799295782416,06-17 08:28:15
DQN,45,70.96982960335849,06-17 08:28:27
DQN,45,19.79710526382362,06-17 08:28:30
DQN,45,4.597122178595539,06-17 08:28:32
DQN,45,71.26304304042574,06-17 08:28:44
DQN,45,4.841549694621759,06-17 08:28:46
DQN,45,4.908163344551037,06-17 08:28:47
DQN,45,71.86159334372807,06-17 08:28:59
DQN,45,71.1073167713178,06-17 08:29:13
DQN,45,69.95202664649656,06-17 08:29:24
DQN,45,19.57577592553589,06-17 08:29:27
DQN,45,4.8202203682350095,06-17 08:29:28
DQN,45,3.441205471630551,06-17 08:29:30
DQN,45,71.64154892809732,06-17 08:29:43
DQN,45,73.19737545422188,06-17 08:29:52
DQN,45,14.419327380831334,06-17 08:29:54
DQN,45,2.1078692263183245,06-17 08:29:56
DQN,45,69.10777679102725,06-17 08:30:11
DQN,45,68.13072272266152,06-17 08:30:24
DQN,45,7.486887835671289,06-17 08:30:26
DQN,45,69.08688783546225,06-17 08:30:40
DQN,45,0.8175582990397806,06-17 08:30:41
DQN,45,71.99730102179967,06-17 08:30:56
DQN,45,71.79769670059892,06-17 08:31:07
DQN,45,10.952660020564192,06-17 08:31:11
DQN,45,70.3300698355237,06-17 08:31:23
DQN,45,13.730432594632397,06-17 08:31:25
DQN,45,67.88537526568963,06-17 08:31:35
DQN,45,72.77358024881119,06-17 08:31:46
DQN,45,72.3088021108479,06-17 08:31:57
DQN,45,65.10786397157962,06-17 08:32:06
DQN,45,49.107867555511056,06-17 08:32:14
DQN,45,73.19594886770105,06-17 08:32:31
DQN,45,2.04239721301885,06-17 08:32:33
DQN,45,5.375776722763135,06-17 08:32:35
DQN,45,71.4868878357025,06-17 08:32:50
DQN,45,70.03902890613764,06-17 08:33:01
DQN,45,72.1757714424518,06-17 08:33:11
DQN,45,9.57515399989834,06-17 08:33:13
DQN,45,70.99799894681416,06-17 08:33:22
